engine,family,source,text,surface,statistic,baseline_first_seconds,candidate_first_seconds,baseline_reverse_seconds,candidate_reverse_seconds,first_change_pct,reverse_change_pct,baseline_drift_pct
stdlib,hex-lines,native,False,read-all,minimum_seconds,0.019188398960977793,0.013448591344058514,0.019841002766042948,0.013741354923695326,-29.912905337188135,-30.742638939534427,3.401033126277575
stdlib,hex-lines,native,False,read-all,median_seconds,0.019973022863268852,0.01404548017308116,0.02078759390860796,0.014109851326793432,-29.6777444794732,-32.12369171330277,4.078356345534129
stdlib,hex-lines,native,False,read-sized,minimum_seconds,0.01369838323444128,0.013754830230027437,0.013639232143759727,0.013911507092416286,0.41207049489047076,1.9962630284955596,-0.43181074488288784
stdlib,hex-lines,native,False,read-sized,median_seconds,0.020253433845937252,0.014028988312929869,0.014264123048633337,0.0143403266556561,-30.732791191632813,0.5342326812727727,-29.57182887041816
stdlib,hex-lines,native,False,readline,minimum_seconds,0.01939739380031824,0.02031536027789116,0.019462327007204294,0.01984188426285982,4.732421721302882,1.9502151798961531,0.3347522226670785
stdlib,hex-lines,native,False,readline,median_seconds,0.019904322922229767,0.020942866802215576,0.020068753976374865,0.02017955295741558,5.217680018775872,0.5520969621290339,0.8261072470918229
stdlib,hex-lines,native,True,read-all,minimum_seconds,0.013609134126454592,0.014346870128065348,0.013620455749332905,0.01403730409219861,5.420888608751984,3.0604581119550334,0.08319135349181828
stdlib,hex-lines,native,True,read-all,median_seconds,0.013945451006293297,0.01453725015744567,0.013677062932401896,0.014155377633869648,4.243671652392633,3.497203338405286,-1.9245564289766093
stdlib,hex-lines,native,True,read-sized,minimum_seconds,0.013894904870539904,0.014433804899454117,0.014049306977540255,0.014268601778894663,3.87840027646964,1.5608940832809948,1.1112138473701627
stdlib,hex-lines,native,True,read-sized,median_seconds,0.01444708975031972,0.01496569998562336,0.014425919856876135,0.014381726272404194,3.5897211429185116,-0.30634846796875337,-0.14653396503691019
stdlib,hex-lines,native,True,readline,minimum_seconds,0.031029758974909782,0.0318855382502079,0.03122318396344781,0.03142631892114878,2.7579307850573054,0.6505901446142381,0.6233531774914036
stdlib,hex-lines,native,True,readline,median_seconds,0.031449331901967525,0.03459107596427202,0.03167663188651204,0.03176280576735735,9.989859473319829,0.2720424354269779,0.7227498035667246
stdlib,hex-lines,custom,False,read-all,minimum_seconds,0.012953252997249365,0.01299802865833044,0.012894561979919672,0.013123025186359882,0.3456711691695036,1.771779505158766,-0.4530986721417052
stdlib,hex-lines,custom,False,read-all,median_seconds,0.013014700263738632,0.013264983892440796,0.013022465165704489,0.013170154299587011,1.9230840790048775,1.134110416140488,0.059662549336536586
stdlib,hex-lines,custom,False,read-sized,minimum_seconds,0.01316575612872839,0.013212324120104313,0.013181515969336033,0.013294939883053303,0.35370540757859725,0.8604770041710452,0.1197032700100964
stdlib,hex-lines,custom,False,read-sized,median_seconds,0.013263098895549774,0.013384370133280754,0.013220630120486021,0.013321980834007263,0.9143507010391794,0.7666103097778487,-0.32020250620314883
stdlib,hex-lines,custom,False,readline,minimum_seconds,0.018199356738477945,0.018200819846242666,0.01815436314791441,0.018353410065174103,0.008039337794985002,1.0964136590082552,-0.24722626854392082
stdlib,hex-lines,custom,False,readline,median_seconds,0.018424814101308584,0.01860300125554204,0.01842142827808857,0.018431095872074366,0.9671042174629108,0.052480154306455695,-0.018376430836142266
stdlib,hex-lines,custom,True,read-all,minimum_seconds,0.013294288888573647,0.013321429956704378,0.01326987287029624,0.013400329742580652,0.2041558473583338,0.9831056676995908,-0.1836579487782264
stdlib,hex-lines,custom,True,read-all,median_seconds,0.013421088922768831,0.013501691166311502,0.01334186876192689,0.013499957975000143,0.6005641122452499,1.1849105690829864,-0.5902662689876492
stdlib,hex-lines,custom,True,read-sized,minimum_seconds,0.01358751393854618,0.013731236103922129,0.013565511908382177,0.013606008142232895,1.0577517419741111,0.2985234477269838,-0.1619282987565973
stdlib,hex-lines,custom,True,read-sized,median_seconds,0.013636816293001175,0.013864798005670309,0.013633110094815493,0.013745130971074104,1.671810397461626,0.8216824736214212,-0.02717788453001635
stdlib,hex-lines,custom,True,readline,minimum_seconds,0.029780635610222816,0.03062413167208433,0.03014910314232111,0.03031697077676654,2.8323642010245287,0.5567914695604692,1.2372722225304278
stdlib,hex-lines,custom,True,readline,median_seconds,0.030031520873308182,0.03104883525520563,0.03148634312674403,0.030521025881171227,3.3874887195660897,-3.065828386888403,4.844317607400583
stdlib,random-bytes,native,False,read-all,minimum_seconds,0.0013934862799942493,0.001558337826281786,0.0013715149834752083,0.0015500918962061405,11.830152090784619,13.020412819584791,-1.5767142335360251
stdlib,random-bytes,native,False,read-all,median_seconds,0.0014592912048101425,0.0017283488996326923,0.0014191647060215473,0.0015986640937626362,18.437560230314332,12.64824209476667,-2.749725254036306
stdlib,random-bytes,native,False,read-sized,minimum_seconds,0.0016963090747594833,0.0017887339927256107,0.0016445713117718697,0.0018351320177316666,5.448589490051048,11.587257092213644,-3.050019819940508
stdlib,random-bytes,native,False,read-sized,median_seconds,0.0018470040522515774,0.0020589646883308887,0.0017272881232202053,0.0019287685863673687,11.475916136779563,11.66455442138632,-6.481627849458871
stdlib,random-bytes,native,False,readline,minimum_seconds,0.007548700086772442,0.00793057307600975,0.007502252236008644,0.007809283211827278,5.0587913792794925,4.092517368917226,-0.6153092615931111
stdlib,random-bytes,native,False,readline,median_seconds,0.007852234411984682,0.00827807979658246,0.007740271743386984,0.008073762990534306,5.423238307147593,4.308521176045854,-1.4258701755873737
stdlib,random-bytes,native,True,read-all,minimum_seconds,0.006014667917042971,0.006190760992467403,0.005848453380167484,0.00608455017209053,2.927727313514028,4.036909873021588,-2.763486516096858
stdlib,random-bytes,native,True,read-all,median_seconds,0.0064623248763382435,0.006293825805187225,0.006114034913480282,0.006262557115405798,-2.607406380449495,2.429201076331,-5.389545860394962
stdlib,random-bytes,native,True,read-sized,minimum_seconds,0.0022914749570190907,0.0024324608966708183,0.0021692640148103237,0.002453902270644903,6.152628429120255,13.121420624287982,-5.3332872713454105
stdlib,random-bytes,native,True,read-sized,median_seconds,0.00231595104560256,0.0025200271047651768,0.0022947611287236214,0.002551577053964138,8.81176048820671,11.191401232395858,-0.9149553018045542
stdlib,random-bytes,native,True,readline,minimum_seconds,0.017752391751855612,0.018718428909778595,0.01703255996108055,0.01792741334065795,5.441729607065504,5.253780885680959,-4.054843994189228
stdlib,random-bytes,native,True,readline,median_seconds,0.018028514925390482,0.019059655256569386,0.01717591192573309,0.01830314425751567,5.719496782991795,6.562867442827014,-4.729191523460585
stdlib,random-bytes,custom,False,read-all,minimum_seconds,0.0009130570106208324,0.0009896820411086082,0.0009573511779308319,0.0009580729529261589,8.392140862669105,0.07539291870795051,4.851194043171714
stdlib,random-bytes,custom,False,read-all,median_seconds,0.0009331251494586468,0.001005731988698244,0.0009753149934113026,0.000966919120401144,7.781039797472,-0.8608370697545387,4.521348929147639
stdlib,random-bytes,custom,False,read-sized,minimum_seconds,0.0011857030913233757,0.0011934870854020119,0.0011416389606893063,0.0011682896874845028,0.6564876262528996,2.3344268821296366,-3.7162870668481562
stdlib,random-bytes,custom,False,read-sized,median_seconds,0.0013098879717290401,0.0012245960533618927,0.0011779889464378357,0.0011999099515378475,-6.511390302680842,1.8608837685871071,-10.069489005010023
stdlib,random-bytes,custom,False,readline,minimum_seconds,0.006665879860520363,0.0069133383221924305,0.006781699135899544,0.00686938501894474,3.712315055926463,1.292978076556417,1.7374941913540498
stdlib,random-bytes,custom,False,readline,median_seconds,0.007528190966695547,0.007604254875332117,0.006840801332145929,0.006984602194279432,1.0103876080332475,2.1021055158810364,-9.130874038538684
stdlib,random-bytes,custom,True,read-all,minimum_seconds,0.005320403724908829,0.005400497000664473,0.0053221480920910835,0.005356682930141687,1.5053984602835024,0.6488890848776574,0.03278636871273388
stdlib,random-bytes,custom,True,read-all,median_seconds,0.0058747828006744385,0.0054761990904808044,0.00543381879106164,0.005401167087256908,-6.7846544071020976,-0.6008979147122395,-7.506047875713384
stdlib,random-bytes,custom,True,read-sized,minimum_seconds,0.0015625860542058945,0.001711827702820301,0.0016784952022135258,0.0016390010714530945,9.550939496273125,-2.3529486833413715,7.417776940709753
stdlib,random-bytes,custom,True,read-sized,median_seconds,0.0016226200386881828,0.0017406027764081955,0.001714704092592001,0.0016525769606232643,7.2711253963926525,-3.623198442060249,5.675022599761803
stdlib,random-bytes,custom,True,readline,minimum_seconds,0.016314461827278137,0.017150153405964375,0.016671967692673206,0.016761658247560263,5.122397462654527,0.5379722210382631,2.1913432951696343
stdlib,random-bytes,custom,True,readline,median_seconds,0.017028973903506994,0.017539740074425936,0.01707244524732232,0.017163367941975594,2.9993948773023416,0.5325698418481295,0.25527870358867943
zlib-ng,hex-lines,native,False,read-all,minimum_seconds,0.014028426725417376,0.010115355253219604,0.011557163204997778,0.010014162864536047,-27.893872554560094,-13.351030119523411,-17.616113116533903
zlib-ng,hex-lines,native,False,read-all,median_seconds,0.015326694119721651,0.01071810582652688,0.01455542491748929,0.010482058860361576,-30.06903026311891,-27.985208815397066,-5.032195437631448
zlib-ng,hex-lines,native,False,read-sized,minimum_seconds,0.014500149991363287,0.010315012652426958,0.010196789167821407,0.010226085316389799,-28.862717567950114,0.2873075836543171,-29.678043510619457
zlib-ng,hex-lines,native,False,read-sized,median_seconds,0.015056611970067024,0.01040593534708023,0.010291237849742174,0.010324961971491575,-30.887935693849798,0.32769742806251223,-31.64971063741664
zlib-ng,hex-lines,native,False,readline,minimum_seconds,0.019281024113297462,0.016087733674794436,0.015960251912474632,0.015984608326107264,-16.56183001348317,0.15260669923131687,-17.223007353289955
zlib-ng,hex-lines,native,False,readline,median_seconds,0.023620823863893747,0.016865584068000317,0.016257553827017546,0.01637239195406437,-28.598662920556873,0.7063678107341209,-31.172790920859995
zlib-ng,hex-lines,native,True,read-all,minimum_seconds,0.01021910086274147,0.010428166948258877,0.010510572697967291,0.010239701252430677,2.0458364030798037,-2.5771330765734457,2.852225838072675
zlib-ng,hex-lines,native,True,read-all,median_seconds,0.01143596414476633,0.01098345685750246,0.01081113237887621,0.010576326865702868,-3.9568792061223768,-2.171886393992606,-5.463743659742725
zlib-ng,hex-lines,native,True,read-sized,minimum_seconds,0.010487829800695181,0.01060965983197093,0.010545559227466583,0.010652000084519386,1.1616324214917428,1.0093429353236205,0.5504420635008334
zlib-ng,hex-lines,native,True,read-sized,median_seconds,0.010550207924097776,0.010761827696114779,0.010881335008889437,0.010717212688177824,2.005835084383878,-1.5082921404178218,3.1385834968743254
zlib-ng,hex-lines,native,True,readline,minimum_seconds,0.027930797077715397,0.0274586733430624,0.027634015306830406,0.027692997362464666,-1.6903339111280835,0.21344004835837094,-1.0625610506539318
zlib-ng,hex-lines,native,True,readline,median_seconds,0.0283548291772604,0.027735207229852676,0.028466579969972372,0.02843883726745844,-2.1852430975131343,-0.09745709721082907,0.3941155561663301
zlib-ng,hex-lines,custom,False,read-all,minimum_seconds,0.00956991408020258,0.009558761958032846,0.009658040013164282,0.009627040941268206,-0.11653314832579253,-0.32096648858177534,0.9208644113535946
zlib-ng,hex-lines,custom,False,read-all,median_seconds,0.009599830023944378,0.009700951632112265,0.009789107833057642,0.009721369948238134,1.0533687358595278,-0.6919719955556958,1.9716787551566917
zlib-ng,hex-lines,custom,False,read-sized,minimum_seconds,0.00974342180415988,0.00973711023107171,0.00988256512209773,0.009865060914307833,-0.0647777876708,-0.17712210922605776,1.428074456126338
zlib-ng,hex-lines,custom,False,read-sized,median_seconds,0.009764852933585644,0.009784139227122068,0.009963036980479956,0.010177994146943092,0.1975072606581696,2.157546608371441,2.0295650968041645
zlib-ng,hex-lines,custom,False,readline,minimum_seconds,0.014785830397158861,0.014846284873783588,0.014804325066506863,0.014926136005669832,0.4088676455827889,0.8228064340369823,0.1250837379519476
zlib-ng,hex-lines,custom,False,readline,median_seconds,0.014865491073578596,0.014872213825583458,0.01498647965490818,0.015060729812830687,0.045223881078571004,0.49544762767679273,0.8138888969811742
zlib-ng,hex-lines,custom,True,read-all,minimum_seconds,0.009889778215438128,0.00981835275888443,0.010016759391874075,0.009953578934073448,-0.7222149475728523,-0.6307474835811733,1.2839638429679612
zlib-ng,hex-lines,custom,True,read-all,median_seconds,0.00996552174910903,0.009882205165922642,0.010128851048648357,0.01012023538351059,-0.8360483804456753,-0.0850606361608719,1.63894378690137
zlib-ng,hex-lines,custom,True,read-sized,minimum_seconds,0.01007748395204544,0.010126255918294191,0.010194865986704826,0.010198943316936493,0.4839696741849142,0.03999395614404655,1.1647950541817664
zlib-ng,hex-lines,custom,True,read-sized,median_seconds,0.01013953099027276,0.010166271589696407,0.01027219183743,0.010436462238430977,0.26372619650061324,1.5991757513951876,1.3083528940786904
zlib-ng,hex-lines,custom,True,readline,minimum_seconds,0.026342781726270914,0.026618233881890774,0.026817820966243744,0.026580331847071648,1.0456456667412573,-0.8855645634707976,1.8032994575477357
zlib-ng,hex-lines,custom,True,readline,median_seconds,0.02655811980366707,0.026696482207626104,0.027162883896380663,0.027431882917881012,0.520979666414223,0.9903183422147244,2.2771344401800953
zlib-ng,random-bytes,native,False,read-all,minimum_seconds,0.000859895721077919,0.0010775281116366386,0.0009297393262386322,0.0009696842171251774,25.309160776600613,4.296353801462494,8.122334307369394
zlib-ng,random-bytes,native,False,read-all,median_seconds,0.0009350492618978024,0.001177057158201933,0.0010921759530901909,0.0009909849613904953,25.88183384188172,-9.2650814562788,16.804108360395876
zlib-ng,random-bytes,native,False,read-sized,minimum_seconds,0.0011013331823050976,0.0012763338163495064,0.0012089372612535954,0.0012926850467920303,15.88989025810803,6.927388891264186,9.77034749132699
zlib-ng,random-bytes,native,False,read-sized,median_seconds,0.001142060849815607,0.0013053091242909431,0.0013690199702978134,0.0013592122122645378,14.294183580646646,-0.7164072289713941,19.872769521768507
zlib-ng,random-bytes,native,False,readline,minimum_seconds,0.007119378075003624,0.007412061095237732,0.007066006772220135,0.007157360203564167,4.111075674738052,1.292857964744476,-0.7496624314822897
zlib-ng,random-bytes,native,False,readline,median_seconds,0.007196333259344101,0.0076644993387162685,0.0074228509329259396,0.007458579260855913,6.5056197719064235,0.48132891597609806,3.14768181820535
zlib-ng,random-bytes,native,True,read-all,minimum_seconds,0.005445981863886118,0.005604841746389866,0.007302233949303627,0.005548655986785889,2.9170108618464807,-24.014267068024676,34.08480108475671
zlib-ng,random-bytes,native,True,read-all,median_seconds,0.005523799918591976,0.005850858986377716,0.00959806703031063,0.008567135781049728,5.920907212531845,-10.741029897011856,73.75841217574714
zlib-ng,random-bytes,native,True,read-sized,minimum_seconds,0.0017444798722863197,0.0019032410345971584,0.002168260980397463,0.004443746991455555,9.10077352183869,104.9452087008905,24.29269118225679
zlib-ng,random-bytes,native,True,read-sized,median_seconds,0.0018262751400470734,0.0021167336963117123,0.002256288193166256,0.0051256571896374226,15.904424798617821,127.17209641754907,23.545907387651276
zlib-ng,random-bytes,native,True,readline,minimum_seconds,0.017048601061105728,0.016939994879066944,0.022407177835702896,0.01808501174673438,-0.6370386734343647,-19.2892033109217,31.43118168693675
zlib-ng,random-bytes,native,True,readline,median_seconds,0.017211688682436943,0.01855585165321827,0.02545943111181259,0.035990312695503235,7.809593791647695,41.36338136324089,47.91942604557893
zlib-ng,random-bytes,custom,False,read-all,minimum_seconds,0.00041709886863827705,0.0005098446272313595,0.00042559485882520676,0.0004851175472140312,22.235917085048442,13.985763021933174,2.03692477389521
zlib-ng,random-bytes,custom,False,read-all,median_seconds,0.0004270882345736027,0.0005575651302933693,0.0004982519894838333,0.0005029118619859219,30.550337180332864,0.9352441335790607,16.66254163645582
zlib-ng,random-bytes,custom,False,read-sized,minimum_seconds,0.0005847159773111343,0.0007354607805609703,0.0005882331170141697,0.0006498191505670547,25.780859271718313,10.469664453013362,0.6015125017122314
zlib-ng,random-bytes,custom,False,read-sized,median_seconds,0.000599915161728859,0.0007862080819904804,0.0006028711795806885,0.000682320911437273,31.053210878144057,13.178558628701364,0.49273931389077763
zlib-ng,random-bytes,custom,False,readline,minimum_seconds,0.006277044303715229,0.006406600121408701,0.006312060169875622,0.006340384017676115,2.06396213607718,0.44872588407298686,0.5578400353119628
zlib-ng,random-bytes,custom,False,readline,median_seconds,0.006485668942332268,0.006575439125299454,0.006427770014852285,0.006598301697522402,1.3841314406483507,2.6530458040047833,-0.8927209821345206
zlib-ng,random-bytes,custom,True,read-all,minimum_seconds,0.004735528025776148,0.004802565090358257,0.004890261217951775,0.004811312071979046,1.415619635597487,-1.6144157224753597,3.267496070837139
zlib-ng,random-bytes,custom,True,read-all,median_seconds,0.004820098169147968,0.004855375271290541,0.004947228357195854,0.004902965389192104,0.7318751798121248,-0.8947023425625478,2.6375020505102764
zlib-ng,random-bytes,custom,True,read-sized,minimum_seconds,0.0010654758661985397,0.0011197286657989025,0.001195141114294529,0.0011572190560400486,5.091884417234982,-3.1730193029854137,12.169702966489115
zlib-ng,random-bytes,custom,True,read-sized,median_seconds,0.00108305923640728,0.001152931246906519,0.001248891931027174,0.0011743921786546707,6.451356320178592,-5.965268132626145,15.311507353004394
zlib-ng,random-bytes,custom,True,readline,minimum_seconds,0.01632583374157548,0.01632095407694578,0.017051807139068842,0.016176771838217974,-0.02988922162836527,-5.131627948371531,4.446776862884461
zlib-ng,random-bytes,custom,True,readline,median_seconds,0.017319634091109037,0.016631141770631075,0.0190362511202693,0.016625150106847286,-3.975212852974752,-12.665839498485788,9.911393162985348
